{
    "levels": [
        {
            "level": 1,
            "rows": 10,
            "cols": 10,
            "grid": [
                "1,1,1,1,1,1,1,1,1,1",
                "1,1,1,1,1,1,1,1,1,1",
                "1,1,1,1,1,1,1,1,1,1",
                "1,1,1,1,1,1,1,1,1,1",
                "1,1,1,1,1,1,1,1,1,1",
                "1,1,1,1,1,1,1,1,1,1",
                "1,1,1,1,1,1,1,1,1,1",
                "1,1,1,1,1,1,1,1,1,1",
                "1,1,1,1,1,1,1,1,1,1",
                "1,1,1,1,1,1,1,1,1,1"
            ],
            "moves": 24,
            "objective": ["4;blue","20;red","2;bomb"]
        },
        {
            "level": 2,
            "rows": 5,
            "cols": 5,
            "grid": [
                "1,1,1,1,1",
                "X,1,1,1,X",
                "1,1,1,1,1",
                "X,1,1,1,X",
                "1,1,1,1,1"
            ],
            "moves": 24,
            "objective": ["4;blue","20;red","2;bomb"]
        },
        {
            "level": 3,
            "rows": 10,
            "cols": 10,
            "grid": [
                "X,1,1,X,X,X,X,X,1,X",
                "1,1,1,1,1,1,1,1,1,1",
                "X,1,1,1,1,1,1,1,1,X",
                "1,1,1,W,1,1,W,1,1,1",
                "1,1,W,W,1,1,W,W,1,1",
                "1,1,1,W,1,1,W,1,1,1",
                "X,1,1,W,1,1,W,1,2,X",
                "1,1,1,1,1,1,1,1,2,1",
                "1,1,1,1,1,1,1,1,1,1",
                "X,1,1,X,X,X,X,1,1,X"
            ],
            "moves": 24,
            "objective": ["4;blue","20;red","2;bomb"]
        },
        {
            "level": 4,
            "rows": 10,
            "cols": 10,
            "grid": [
                "X,1,1,X,X,X,X,1,1,X",
                "1,1,1,1,1,1,1,1,1,1",
                "X,1,1,1,1,1,1,1,1,X",
                "1,1,1,1,1,1,1,1,1,1",
                "1,1,1,1,1,1,1,1,1,1",
                "1,1,1,1,1,1,1,1,1,1",
                "X,1,1,1,1,1,1,1,2,X",
                "1,1,1,1,1,1,1,1,2,1",
                "1,1,1,1,1,1,1,1,1,1",
                "X,1,1,X,X,X,X,1,1,X"
            ],
            "moves": 20,
            "objective": ["4;blue","4;red","4;purple","2;flare"]
        },
        {
            "level": 5,
            "rows": 5,
            "cols": 5,
            "grid": [
                "X,1,X,1,X",
                "X,1,1,1,X",
                "1,1,1,1,1",
                "X,1,1,1,X",
                "X,1,X,1,X"
            ],
            "moves": 24,
            "objective": ["4;blue","20;red","2;bomb"]
        }
    ]
}